create table PassengerLuggageCharges(PNRNO text, WEIGHT int, Amount int);
insert into PassengerLuggageCharges values('PNRNO0001', 70, 450);
insert into PassengerLuggageCharges values('PNRNO0002', 60, 300);
insert into PassengerLuggageCharges values('PNRNO0008', 65, 360);

create table ServiceMaster(ServiceCode text, ServiceName text, Amount int);
insert into ServiceMaster values('SC001', 'CHILDCARE', 400);
insert into ServiceMaster values('SC002', 'NURSING', 300);
insert into ServiceMaster values('SC003', 'WHEELCHAIR', 350);

create table Ticket(PNRNO text, PPNO text, FID text, Journeydate date, Class text, MealCode text, ServiceCode text, Amount int, Status text);
insert into Ticket values('PNRNO0001', 'PPNO00005', 'FSA001', '2012-12-03', 'EXECUTIVE', 'MC002', 'SC002', 7600, 'CNF');
insert into Ticket values('PNRNO0002', 'PPNO00003', 'FSA002', '2012-12-04', 'BUSINESS', 'MC001', 'SC001', 6650, 'CNF');
insert into Ticket values('PNRNO0003', 'PPNO00002', 'FSA006', '2012-12-06', 'ECONOMY', 'MC003', 'SC003', 8700, 'CNF');
insert into Ticket values('PNRNO0004', 'PPNO00004', 'FSA007', '2012-12-04', 'EXECUTIVE', 'MC001', 'SC001', 12650, 'WTG');
insert into Ticket values('PNRNO0005', 'PPNO00005', 'FSA004', '2012-12-05', 'BUSINESS', 'MC003', 'SC003', 7700, 'CNF');
insert into Ticket values('PNRNO0006', 'PPNO00001', 'FSA005', '2012-12-05', 'ECONOMY', 'MC001', 'SC001', 8650, 'WTG');
insert into Ticket values('PNRNO0007', 'PPNO00002', 'FSA002', '2012-12-06', 'EXECUTIVE', 'MC001', 'SC002', 7650, 'CNF');
insert into Ticket values('PNRNO0008', 'PPNO00004', 'FSA008', '2012-12-09', 'BUSINESS', 'MC002', 'SC002', 11600, 'CNF');
insert into Ticket values('PNRNO0009', 'PPNO00003', 'FSA003', '2012-12-08', 'ECONOMY', 'MC003', 'SC002', 6650, 'CNF');

create table Passenger(PPNO text, Name text, Sex text, Address text, ContactNo text);
insert into Passenger values('PPNO00001', 'NAME001', 'MALE', 'ADDR001', '9876543210');
insert into Passenger values('PPNO00002', 'NAME002', 'FEMALE', 'ADDR002', '9876543211');
insert into Passenger values('PPNO00003', 'NAME003', 'MALE', 'ADDR003', '9876543212');
insert into Passenger values('PPNO00004', 'NAME004', 'FEMALE', 'ADDR004', '9876543213');
insert into Passenger values('PPNO00005', 'NAME005', 'MALE', 'ADDR005', '9876543214');

create table LuggageMaster(Class text, WEIGHT int, EXTAMTPKG int);
insert into LuggageMaster values('EXECUTIVE', 40, 15);
insert into LuggageMaster values('BUSINESS', 35, 12);
insert into LuggageMaster values('ECONOMY', 30, 10);

create table MealMaster(MealCode text, MealName text, Amount int);
insert into MealMaster values('MC001', 'SOUTH', 250);
insert into MealMaster values('MC002', 'NORTH', 300);
insert into MealMaster values('MC003', 'CHINESE', 350);

create table FlightClass(FID text, Class text, Amount int, NOSEATS int);
insert into FlightClass values('FSA001', 'EXECUTIVE', '7000', 3);
insert into FlightClass values('FSA001', 'BUSINESS', '6000', 4);
insert into FlightClass values('FSA001', 'ECONOMY', '5000', 5);
insert into FlightClass values('FSA002', 'EXECUTIVE', '7000', 3);
insert into FlightClass values('FSA002', 'BUSINESS', '6000', 4);
insert into FlightClass values('FSA002', 'ECONOMY', '5000', 5);
insert into FlightClass values('FSA003', 'EXECUTIVE', '8000', 4);
insert into FlightClass values('FSA003', 'BUSINESS', '7000', 5);
insert into FlightClass values('FSA003', 'ECONOMY', '6000', 6);
insert into FlightClass values('FSA004', 'EXECUTIVE', '8000', 4);
insert into FlightClass values('FSA004', 'BUSINESS', '7000', 5);
insert into FlightClass values('FSA004', 'ECONOMY', '6000', 6);
insert into FlightClass values('FSA005', 'EXECUTIVE', '10000', 5);
insert into FlightClass values('FSA005', 'BUSINESS', '9000', 6);
insert into FlightClass values('FSA005', 'ECONOMY', '8000', 7);
insert into FlightClass values('FSA006', 'EXECUTIVE', '10000', 5);
insert into FlightClass values('FSA006', 'BUSINESS', '9000', 6);
insert into FlightClass values('FSA006', 'ECONOMY', '8000', 7);
insert into FlightClass values('FSA007', 'EXECUTIVE', '12000', 6);
insert into FlightClass values('FSA007', 'BUSINESS', '11000', 7);
insert into FlightClass values('FSA007', 'ECONOMY', '10000', 8);
insert into FlightClass values('FSA008', 'EXECUTIVE', '12000', 6);
insert into FlightClass values('FSA008', 'BUSINESS', '11000', 7);
insert into FlightClass values('FSA008', 'ECONOMY', '10000', 8);

create table FlightMeal(FID text, MealCode text);
insert into FlightMeal values('FSA001', 'MC001');
insert into FlightMeal values('FSA001', 'MC002');
insert into FlightMeal values('FSA002', 'MC001');
insert into FlightMeal values('FSA002', 'MC002');
insert into FlightMeal values('FSA003', 'MC002');
insert into FlightMeal values('FSA003', 'MC003');
insert into FlightMeal values('FSA004', 'MC002');
insert into FlightMeal values('FSA004', 'MC003');
insert into FlightMeal values('FSA005', 'MC001');
insert into FlightMeal values('FSA005', 'MC003');
insert into FlightMeal values('FSA006', 'MC001');
insert into FlightMeal values('FSA006', 'MC003');
insert into FlightMeal values('FSA007', 'MC001');
insert into FlightMeal values('FSA007', 'MC002');
insert into FlightMeal values('FSA008', 'MC001');
insert into FlightMeal values('FSA008', 'MC002');

create table FlightServices(FID text, ServiceCode text);
insert into FlightServices values('FSA001', 'SC001');
insert into FlightServices values('FSA001', 'SC002');
insert into FlightServices values('FSA002', 'SC001');
insert into FlightServices values('FSA002', 'SC002');
insert into FlightServices values('FSA003', 'SC002');
insert into FlightServices values('FSA003', 'SC003');
insert into FlightServices values('FSA004', 'SC002');
insert into FlightServices values('FSA004', 'SC003');
insert into FlightServices values('FSA005', 'SC001');
insert into FlightServices values('FSA005', 'SC003');
insert into FlightServices values('FSA006', 'SC001');
insert into FlightServices values('FSA006', 'SC003');
insert into FlightServices values('FSA007', 'SC001');
insert into FlightServices values('FSA007', 'SC002');
insert into FlightServices values('FSA008', 'SC001');
insert into FlightServices values('FSA008', 'SC002');

create table Cancellation(CID text, PNRNO text, BeforeHours int);
insert into Cancellation values('C0001', 'PNRNO0004', 12);
insert into Cancellation values('C0002', 'PNRNO0005', 24);

create table FlightDays(FID text, Day text, Depttime int);
insert into FlightDays values('FSA001', 'MONDAY', 11);
insert into FlightDays values('FSA005', 'MONDAY', 18);
insert into FlightDays values('FSA006', 'TUESDAY', 9);
insert into FlightDays values('FSA002', 'TUESDAY', 23);
insert into FlightDays values('FSA001', 'WEDNESDAY', 11);
insert into FlightDays values('FSA005', 'WEDNESDAY', 18);
insert into FlightDays values('FSA006', 'THURSDAY', 9);
insert into FlightDays values('FSA002', 'THURSDAY', 23);
insert into FlightDays values('FSA001', 'FRIDAY', 11);
insert into FlightDays values('FSA005', 'FRIDAY', 18);
insert into FlightDays values('FSA006', 'SATURDAY', 9);
insert into FlightDays values('FSA002', 'SATURDAY', 23);
insert into FlightDays values('FSA003', 'TUESDAY', 8);
insert into FlightDays values('FSA007', 'TUESDAY', 15);
insert into FlightDays values('FSA008', 'WEDNESDAY', 7);
insert into FlightDays values('FSA004', 'WEDNESDAY', 23);
insert into FlightDays values('FSA003', 'THURSDAY', 11);
insert into FlightDays values('FSA007', 'THURSDAY', 18);
insert into FlightDays values('FSA008', 'FRIDAY', 9);
insert into FlightDays values('FSA004', 'FRIDAY', 23);
insert into FlightDays values('FSA003', 'SATURDAY', 11);
insert into FlightDays values('FSA007', 'SATURDAY', 18);
insert into FlightDays values('FSA008', 'SUNDAY', 9);
insert into FlightDays values('FSA004', 'SUNDAY', 23);

create table CityMaster(CityCode text, CityName text, Country text);
insert into CityMaster values('CC001', 'HYDERABAD', 'INDIA');
insert into CityMaster values('CC002', 'MUMBAI', 'INDIA');
insert into CityMaster values('CC003', 'DELHI', 'INDIA');
insert into CityMaster values('CC004', 'LOS ANGELES', 'USA');
insert into CityMaster values('CC005', 'CALIFORNIA', 'ENGLAND');

create table CancellationCharges(BeforeHours int, Charges int);
insert into CancellationCharges values(48, Null);
insert into CancellationCharges values(24, 10);
insert into CancellationCharges values(12, 15);
insert into CancellationCharges values(6, 25);
insert into CancellationCharges values(3, 50);

create table Flight(FID text, FName text, SourceCode text, DestinationCode text, JourneyHours int);
insert into Flight values('FSA001', 'HYD-DEL', 'CC001', 'CC003', 6);
insert into Flight values('FSA002', 'DEL-HYD', 'CC003', 'CC001', 6);
insert into Flight values('FSA003', 'MUM-DEL', 'CC002', 'CC003', 5);
insert into Flight values('FSA004', 'DEL-MUM', 'CC003', 'CC002', 5);
insert into Flight values('FSA005', 'DEL-LAS', 'CC003', 'CC004', 12);
insert into Flight values('FSA006', 'LAS-DEL', 'CC004', 'CC003', 12);
insert into Flight values('FSA007', 'DEL-CFA', 'CC003', 'CC005', 13);
insert into Flight values('FSA008', 'CFA-DEL', 'CC005', 'CC003', 13);

create table Availability(FID text, Journeydate date, Class text, Remainingseats int);
insert into Availability values('FSA001', '2012-12-03', 'EXECUTIVE', 3);
insert into Availability values('FSA002', '2012-12-04', 'BUSINESS', 2);
insert into Availability values('FSA006', '2012-12-06', 'ECONOMY', 3);
insert into Availability values('FSA007', '2012-12-04', 'EXECUTIVE', 0);
insert into Availability values('FSA004', '2012-12-05', 'BUSINESS', 3);
insert into Availability values('FSA005', '2012-12-05', 'ECONOMY', 0);
insert into Availability values('FSA002', '2012-12-06', 'EXECUTIVE', 2);
insert into Availability values('FSA008', '2012-12-09', 'BUSINESS', 3);
insert into Availability values('FSA003', '2012-12-08', 'ECONOMY', 2);
